cusip,sector,ticker,name,agg_bp
02079K305,커뮤니케이션서비스,GOOGL,ALPHABET INC,10893.7
023135106,임의소비재,AMZN,AMAZON COM INC,9009.9
084670108,금융,,BERKSHIRE HATHAWAY INC CL A,5237.9
451100101,금융,,ICAHN ENTERPRISES LP,4849.4
874039100,정보기술,,TAIWAN SEMICONDUCTOR MFG LTD,4560.5
93627C101,소재,HCC,WARRIOR MET COAL INC,3991.3
11271J107,금융,,BROOKFIELD CORP,3702.3
92826C839,금융,V,VISA INC,3631.2
30303M102,커뮤니케이션서비스,META,META PLATFORMS INC,3391.7
H8817H100,에너지,RIG,TRANSOCEAN LTD,3265.7
78462F103,ETF·펀드,SPY,SPDR S&P 500 ETF TR,3060.7
369604301,산업재,,GE AEROSPACE,3004.9
615369105,금융,,MOODYS CORP,2926.5
594918104,정보기술,MSFT,MICROSOFT CORP,2909.4
89679M104,소재,,TRIPLE FLAG PRECIOUS METAL,2902.9
037833100,정보기술,AAPL,APPLE INC,2834.3
020764106,소재,,ALPHA METALLURGICAL RESOUR I,2815.6
12662P108,에너지,CVI,CVR ENERGY INC,2801.1
67066G104,정보기술,NVDA,NVIDIA CORPORATION,2616.4
68634K106,소재,,ORLA MNG LTD NEW,2582.1
76131D103,임의소비재,,RESTAURANT BRANDS INTL INC,2508.4
632307104,헬스케어,NTRA,NATERA INC,2375.3
90353T100,산업재,UBER,UBER TECHNOLOGIES INC,2363.5
093712107,산업재,BE,BLOOM ENERGY CORP,2344.6
80004C200,정보기술,SNDK,SANDISK CORP,2284.6
718546104,에너지,PSX,PHILLIPS 66,2217.6
867224107,에너지,SU,SUNCOR ENERGY INC NEW,2197.8
94106L109,산업재,,WASTE MGMT INC DEL,2008.6
57636Q104,금융,MA,MASTERCARD INCORPORATED,1986.1
136375102,산업재,,CANADIAN NATL RY CO,1924.1
025816109,금융,AXP,AMERICAN EXPRESS CO,1872.5
11135F101,정보기술,AVGO,BROADCOM INC,1737.2
149123101,산업재,CAT,CATERPILLAR INC,1700.3
722304102,임의소비재,PDD,PDD HOLDINGS INC,1625.8
21873S108,정보기술,CRWV,COREWEAVE INC,1614.2
78409V104,금융,SPGI,S&P GLOBAL INC,1535.2
512807306,정보기술,LRCX,LAM RESEARCH CORP,1487.3
060505104,금융,,BANK AMER CORP,1435.0
879433829,커뮤니케이션서비스,,TELEPHONE & DATA SYS INC,1334.1
36828A101,산업재,GEV,GE VERNOVA INC,1319.0
904311107,임의소비재,,UNDER ARMOUR INC,1306.0
92840M102,유틸리티,VST,VISTRA CORP,1283.0
595112103,정보기술,MU,MICRON TECHNOLOGY INC,1257.3
244199105,산업재,DE,DEERE & CO,1225.5
144285103,소재,CRS,CARPENTER TECHNOLOGY CORP,1175.8
191216100,필수소비재,KO,COCA COLA CO,1175.7
N07059210,정보기술,,ASML HOLDING N V NYS,1172.4
G25508105,소재,,CRH PLC,1097.7
Q4982L109,정보기술,IREN,IREN LIMITED,1051.1
126650100,헬스케어,CVS,CVS HEALTH CORPORATION COM,1026.8
48251w104,금융,,KKR & CO L P DEL,1016.1
21874A106,정보기술,,CORE SCIENTIFIC INC NEW,1009.1
038222105,정보기술,,APPLIED MATLS INC,977.9
576323109,산업재,MTZ,MASTEC INC,974.2
674599105,에너지,,OCCIDENTAL PETE CORP,970.6
907818108,산업재,,UNION PAC CORP,939.5
81141R100,임의소비재,SE,SEA LTD,929.5
27579R104,금융,EWBC,EAST WEST BANCORP INC,925.9
500754106,필수소비재,KHC,KRAFT HEINZ CO,914.1
44267T102,부동산,HHH,HOWARD HUGHES HOLDINGS INC,875.3
464287200,ETF·펀드,,ISHARES TR,868.2
88160R101,임의소비재,TSLA,TESLA INC,849.7
038169207,정보기술,APLD,APPLIED DIGITAL CORP,829.9
03831W108,정보기술,APP,APPLOVIN CORP,826.5
13646K108,산업재,,CANADIAN PACIFIC KANSAS CITY,814.6
88023U101,임의소비재,SGI,SOMNIGROUP INTERNATIONAL INC,813.6
01609W102,임의소비재,,ALIBABA GROUP HLDG LTD ADR,809.2
880770102,정보기술,TER,TERADYNE INC,786.2
95082P105,산업재,,WESCO INTL INC,778.9
776696106,정보기술,ROP,ROPER TECHNOLOGIES INC,743.3
489398107,부동산,KW,KENNEDY-WILSON HOLDINGS INC,742.7
036752103,헬스케어,,ELEVANCE HEALTH INC FORMERLY,733.3
844741108,산업재,,SOUTHWEST AIRLS CO,730.7
185899101,소재,CLF,CLEVELAND-CLIFFS INC NEW,716.9
22160N109,부동산,CSGP,COSTAR GROUP INC,714.6
31488V107,산업재,,FERGUSON ENTERPRISES INC,706.7
007903107,정보기술,AMD,ADVANCED MICRO DEVICES INC,683.8
166764100,에너지,CVX,CHEVRON CORP NEW,666.7
219350105,정보기술,,CORNING INC,665.9
457669307,헬스케어,INSM,INSMED INC,664.6
G6683N103,금융,NU,NU HLDGS LTD,663.0
904311206,임의소비재,,UNDER ARMOUR INC,655.6
303250104,산업재,FICO,FAIR ISAAC CORP,635.7
50212V100,금융,,LPL FINL HLDGS INC,632.7
L8681T102,커뮤니케이션서비스,SPOT,SPOTIFY TECHNOLOGY S A,631.6
126633205,소재,UAN,CVR PARTNERS LP,616.7
67103H107,임의소비재,,OREILLY AUTOMOTIVE INC,596.3
G29183103,산업재,ETN,EATON CORP PLC,595.6
464286772,ETF·펀드,,ISHARES MSCI SOUTH KOREA ETF,594.5
09228F103,정보기술,BB,BLACKBERRY LTD,583.8
G0403H108,금융,AON,AON PLC,533.6
77543R102,커뮤니케이션서비스,ROKU,ROKU INC,532.9
G96629103,금융,WTW,WILLIS TOWERS WATSON PLC LTD,519.1
146869102,임의소비재,CVNA,CARVANA CO,519.0
14040H105,금융,,CAPITAL ONE FINL CORP,516.7
278865100,소재,ECL,ECOLAB INC,514.3
22266T109,임의소비재,CPNG,COUPANG INC,512.5
984245100,에너지,YPF,YPF SOCIEDAD ANONIMA,509.2
87422Q109,유틸리티,TLN,TALEN ENERGY CORP,506.1
235851102,헬스케어,,DANAHER CORP DEL  COM,505.4
155923105,산업재,CTRI,CENTURI HOLDINGS INC,489.6
009066101,임의소비재,ABNB,AIRBNB INC,487.1
21037T109,유틸리티,CEG,CONSTELLATION ENERGY CORP,476.0
629377508,유틸리티,NRG,NRG ENERGY INC,474.3
29444U700,부동산,EQIX,EQUINIX INC,472.0
464286400,ETF·펀드,,ISHARES INC,449.2
42824C109,정보기술,,HEWLETT PACKARD ENTERPRISE C,442.2
217204106,산업재,CPRT,COPART INC,441.0
H1467J104,금융,CB,CHUBB LIMITED,441.0
44812J104,정보기술,HUT,HUT 8 CORP,428.3
58507V107,헬스케어,MDLN,MEDLINE INC,420.3
H17182108,헬스케어,CRSP,CRISPR THERAPEUTICS AG,418.5
184496107,산업재,CLH,CLEAN HARBORS INC,413.0
00187Y100,산업재,APG,API GROUP CORP,406.4
82509L107,정보기술,SHOP,SHOPIFY INC,396.2
69608A108,정보기술,PLTR,PALANTIR TECHNOLOGIES INC,386.2
G0896C103,필수소비재,TBBB,BBB FOODS INC,374.4
879369106,헬스케어,TFX,TELEFLEX INCORPORATED,374.1
459506101,소재,,INTERNATIONAL FLAVORS&FRAGRA,369.0
767292105,정보기술,RIOT,RIOT PLATFORMS INC,368.7
64110L106,커뮤니케이션서비스,NFLX,NETFLIX INC,365.6
00217Y104,산업재,,ATS CORPORATION,357.1
931142103,필수소비재,WMT,WALMART INC,355.6
013872106,소재,AA,ALCOA CORP,352.0
88033G407,헬스케어,THC,TENET HEALTHCARE CORP,349.8
72352L106,커뮤니케이션서비스,PINS,PINTEREST INC,348.2
912932100,부동산,UNIT,UNITI GROUP LLC,347.4
538034109,커뮤니케이션서비스,,LIVE NATION ENTERTAINMENT IN,344.2
88023B103,헬스케어,TEM,TEMPUS AI INC,338.0
172573107,금융,CRCL,CIRCLE INTERNET GROUP INC,336.5
N62509109,헬스케어,,NEWAMSTERDAM PHARMA COMPANY,334.6
60871R209,필수소비재,,MOLSON COORS BEVERAGE CO,334.0
26969P108,소재,,EAGLE MATLS INC,333.7
770700102,금융,,ROBINHOOD MKTS INC,323.9
19260Q107,금융,COIN,COINBASE GLOBAL INC,322.7
12510Q100,정보기술,,CCC INTELLIGENT SOLUTIONS HL,318.6
372460105,임의소비재,GPC,GENUINE PARTS CO,313.6
478160104,헬스케어,JNJ,JOHNSON & JOHNSON,310.4
58155Q103,헬스케어,MCK,MCKESSON CORP,309.7
861012102,정보기술,,STMICROELECTRONICS N V,307.4
G61188127,커뮤니케이션서비스,,LIBERTY GLOBAL LTD,307.2
29362U104,정보기술,ENTG,ENTEGRIS INC,295.0
912008109,필수소비재,USFD,US FOODS HLDG CORP,294.7
N3168P101,산업재,,FERROVIAL SE,294.0
G66721104,임의소비재,,NORWEGIAN CRUISE LINE HLDG L,291.4
032654105,정보기술,ADI,ANALOG DEVICES INC,291.0
171779309,정보기술,CIEN,CIENA CORP,289.9
75734B100,커뮤니케이션서비스,RDDT,REDDIT INC,282.2
31428X106,산업재,FDX,FEDEX CORP,278.8
71377A103,필수소비재,PFGC,PERFORMANCE FOOD GROUP CO,274.8
980745103,산업재,WWD,WOODWARD INC,272.4
18452B209,정보기술,,CLEANSPARK INC,271.0
G4412G101,필수소비재,HLF,HERBALIFE LTD,267.7
90184D100,헬스케어,TWST,TWIST BIOSCIENCE CORP,267.7
03769M106,금융,,APOLLO GLOBAL MGMT INC,264.6
771049103,커뮤니케이션서비스,RBLX,ROBLOX CORP,262.3
38141G104,금융,,GOLDMAN SACHS GROUP INC,262.0
881624209,헬스케어,,TEVA PHARMACEUTICAL INDS LTD,260.6
852234103,정보기술,,BLOCK INC,260.6
81762P102,정보기술,NOW,SERVICENOW INC,259.2
437076102,임의소비재,HD,HOME DEPOT INC,258.4
227046109,임의소비재,CROX,CROCS INC,241.3
36165L108,정보기술,,GDS HLDGS LTD,239.8
88080T104,정보기술,WULF,TERAWULF INC,230.4
056752108,커뮤니케이션서비스,,BAIDU INC SPON ADR ADR,227.0
502431109,산업재,,L3HARRIS TECHNOLOGIES INC,226.6
219948106,산업재,CPAY,CORPAY INC,226.3
07373V105,헬스케어,BEAM,BEAM THERAPEUTICS INC,224.9
79466L302,정보기술,CRM,SALESFORCE INC,224.5
278768106,커뮤니케이션서비스,SATS,ECHOSTAR CORP,219.2
423452101,에너지,HP,HELMERICH& PAYNE INC,218.9
655844108,산업재,,NORFOLK SOUTHN CORP,209.9
78463V107,ETF·펀드,GLD,SPDR GOLD TR,199.8
747525103,정보기술,,QUALCOMM INC,197.8
88025U109,헬스케어,TXG,10X GENOMICS INC,194.5
50077B207,산업재,,KRATOS DEFENSE & SEC SOLUTIO,193.8
191241108,필수소비재,,COCA-COLA FEMSA SAB DE CV,191.5
88034P109,커뮤니케이션서비스,,TENCENT MUSIC ENTMT GROUP,191.1
025537101,유틸리티,,AMERICAN ELEC PWR CO INC,191.0
G16910120,금융,BLSH,BULLISH,185.5
23918K108,헬스케어,DVA,DAVITA INC,185.5
942622200,산업재,,WATSCO INC,184.5
886364835,ETF·펀드,,TIDAL TRUST I,184.0
09290D101,금융,BLK,BLACKROCK INC,183.4
142152107,헬스케어,CAI,CARIS LIFE SCIENCES INC,179.8
893641100,산업재,TDG,TRANSDIGM GROUP INC,178.7
963320106,임의소비재,,WHIRLPOOL CORP,177.9
03064D108,부동산,COLD,AMERICOLD REALTY TRUST INC,176.7
254687106,커뮤니케이션서비스,,DISNEY WALT CO,175.2
04010E109,산업재,AGX,ARGAN INC,174.3
477143101,산업재,,JETBLUE AWYS CORP,173.8
874054109,커뮤니케이션서비스,,TAKE-TWO INTERACTIVE SOFTWAR,173.1
68404L201,헬스케어,OPCH,OPTION CARE HEALTH INC,171.3
58733R102,임의소비재,MELI,MERCADOLIBRE INC,169.9
37045V100,임의소비재,,GENERAL MTRS CO,167.3
46120E602,헬스케어,ISRG,INTUITIVE SURGICAL INC,166.2
60855R100,헬스케어,MOH,MOLINA HEALTHCARE INC,165.9
G54950103,소재,LIN,LINDE PLC,165.5
29786A106,임의소비재,ETSY,ETSY INC,165.1
871607107,정보기술,SNPS,SYNOPSYS INC,164.8
482480100,정보기술,KLAC,KLA CORP,163.2
83418M103,에너지,,SOLARIS ENERGY INFRAS INC,162.0
093671105,,,BLOCK H & R INC,162.0
75513E101,산업재,RTX,RTX CORPORATION,156.3
16935C109,금융,,CHIME FINL INC,155.8
717081103,헬스케어,PFE,PFIZER INC,152.2
548661107,,,LOWES COS INC,151.6
03945R102,,,ARCHER AVIATION INC,150.5
713448108,필수소비재,PEP,PEPSICO INC,150.5
98954M200,,,ZILLOW GROUP INC,149.8
09175A206,,,BITMINE IMMERSION TECNOLOGIE,149.2
501044101,필수소비재,KR,KROGER CO,148.1
92537N108,,VRT,VERTIV HOLDINGS CO,147.5
351858105,,,FRANCO NEV CORP,146.8
45826J105,헬스케어,NTLA,INTELLIA THERAPEUTICS INC,144.7
349381103,정보기술,,FIGURE TECHNOLOGY SOLUTIO,135.9
651639106,,,NEWMONT CORP,135.6
G7997W102,,SDRL,SEADRILL LTD,134.8
40054J109,,,GRUPO AEROMEXICO SAB DE CV,133.7
743315103,,,PROGRESSIVE CORP,133.6
G7997R103,정보기술,,SEAGATE TECHNOLOGY HLDNGS PL,129.1
09260D107,,BX,BLACKSTONE INC,128.5
749607107,,RLI,RLI CORP,128.3
064149107,금융,,BANK NOVA SCOTIA HALIFAX,127.8
48251W104,금융,,KKR & CO INC,127.4
369550108,산업재,GD,GENERAL DYNAMICS CORP,127.1
58933Y105,헬스케어,MRK,MERCK & CO INC,125.7
092667104,헬스케어,SRTA,STRATA CRITICAL MEDICAL INC,124.6
882508104,,,TEXAS INSTRS INC,124.0
37950E259,,,GLOBAL X FDS,123.1
452327109,,ILMN,ILLUMINA INC,121.9
571748102,,,MARSH & MCLENNAN COS INC,121.8
247361702,산업재,DAL,DELTA AIR LINES INC DEL,119.4
95058W100,,,WENDYS CO,119.2
829933100,,,SIRIUSXM HOLDINGS INC,119.2
458140100,정보기술,INTC,INTEL CORP,117.8
040919102,ETF·펀드,ARKB,ARK 21SHARES BITCOIN ETF,117.2
35834F104,에너지,,T1 ENERGY INC,113.9
773121108,,RKLB,ROCKET LAB CORP,113.5
05605H100,정보기술,BWXT,BWX TECHNOLOGIES INC,112.2
808513105,,,SCHWAB CHARLES CORP,111.2
256677105,필수소비재,,DOLLAR GEN CORP NEW,110.6
68389X105,정보기술,,ORACLE CORP,109.8
76155X100,,,REVOLUTION MEDICINES INC,108.3
94106B101,,WCN,WASTE CONNECTIONS INC,105.7
518415104,정보기술,LSCC,LATTICE SEMICONDUCTOR CORP,104.5
039483102,,ADM,ARCHER DANIELS MIDLAND CO,103.5
92189F676,ETF·펀드,,VANECK SEMICONDUCTOR ETF,101.4
09173B107,,,BITFARMS LTD,100.5
98980G102,정보기술,ZS,ZSCALER INC,100.1
531229755,,,LIBERTY MEDIA CORP DEL,99.8
15101Q207,,CLS,CELESTICA INC,98.6
31946M103,금융,,FIRST CTZNS BANCSHARES INC D,98.4
466313103,,JBL,JABIL INC,98.0
55354G100,,MSCI,MSCI INC,97.6
75629V104,헬스케어,,RECURSION PHARMACEUTICALS IN,96.0
92343E102,,,VERISIGN INC,95.7
610236101,,MNRO,MONRO INC,95.2
042068205,,,ARM HOLDINGS PLC,95.0
80007P869,에너지,SD,SANDRIDGE ENERGY INC,94.3
91324P102,헬스케어,UNH,UNITEDHEALTH GROUP INC,93.9
922908363,ETF·펀드,,VANGUARD INDEX FDS,93.0
84265V105,,SCCO,SOUTHERN COPPER CORP,92.1
92243G108,,PCVX,VAXCYTE INC,91.2
573874104,정보기술,MRVL,MARVELL TECHNOLOGY INC,91.2
032095101,정보기술,,AMPHENOL CORP NEW,89.5
910047109,산업재,,UNITED AIRLS HLDGS INC,89.3
058498106,,BALL,BALL CORP,89.0
199908104,,,COMFORT SYS USA INC,88.9
670100205,,,NOVO-NORDISK A S ADR,88.3
25243Q205,,,DIAGEO P L C ADR,85.6
67011P100,,DNOW,DNOW INC,84.4
929740108,,,WABTEC,84.3
90138F102,,TWLO,TWILIO INC,84.0
452308109,,,ILLINOIS TOOL WKS INC,83.6
113004105,,,BROOKFIELD ASSET MANAGMT LTD,82.4
444859102,헬스케어,HUM,HUMANA INC,81.4
040413205,정보기술,ANET,ARISTA NETWORKS INC,81.0
008073108,,AVAV,AEROVIRONMENT INC,79.6
679580100,,,OLD DOMINION FREIGHT LINE IN,79.4
670346105,소재,NUE,NUCOR CORP,78.9
812215200,,,SEAPORT ENTMT GROUP INC,78.7
G8068L108,,SN,SHARKNINJA INC,78.5
92337F107,,VCYT,VERACYTE INC,78.5
40412C101,헬스케어,HCA,HCA HEALTHCARE INC,78.0
693718108,산업재,PCAR,PACCAR INC,77.8
12769G100,,,CAESARS ENTERTAINMENT INC NE,77.4
G11448100,정보기술,BTDR,BITDEER TECHNOLOGIES GROUP,77.2
62944T105,,NVR,NVR INC,75.8
68390D106,,OR,OR ROYALTIES INC.,75.8
25809K105,임의소비재,DASH,DOORDASH INC,74.6
18915M107,정보기술,NET,CLOUDFLARE INC,72.9
55825T103,,,MADISON SQUARE GRDN SPRT COR,72.8
896239100,,TRMB,TRIMBLE INC,72.6
46625H100,,,JPMORGAN CHASE & CO,72.5
46428R107,ETF·펀드,,ISHARES S&P GSCI COMMODITY-,70.6
922042858,ETF·펀드,,VANGUARD FTSE EMERGING MKT ETF,70.5
17275R102,,,CISCO SYS INC,69.9
47215P106,,,JD COM INC ADR,69.5
775711104,,ROL,ROLLINS INC,68.9
126408103,산업재,CSX,CSX CORP,68.8
73933G202,산업재,,POWER SOLUTIONS INTL INC,68.6
46434G103,ETF·펀드,,ISHARES CORE MSCI EM ETF,68.0
83443Q103,소재,,SOLSTICE ADVANCED MATLS INC,67.7
22822V101,부동산,CCI,CROWN CASTLE INC,67.6
422806208,,,HEICO CORP NEW,67.4
46269C102,,IRDM,IRIDIUM COMMUNICATIONS INC,67.1
55087P104,,LYFT,LYFT INC,66.7
67080N101,헬스케어,NUVB,NUVATION BIO INC,66.3
81663L200,,,GENEDX HOLDINGS CORP,66.2
02209S103,필수소비재,MO,ALTRIA GROUP INC,65.3
071705107,,,BAUSCH PLUS LOMB CORP,65.1
650111107,,NYT,NEW YORK TIMES CO,64.8
824348106,소재,SHW,SHERWIN WILLIAMS CO,64.4
773903109,,ROK,ROCKWELL AUTOMATION INC,63.5
55024U109,정보기술,LITE,LUMENTUM HLDGS INC,62.7
902494103,필수소비재,TSN,TYSON FOODS INC,61.8
947002101,,WLTH,WEALTHFRONT CORP,61.4
958102105,정보기술,WDC,WESTERN DIGITAL CORP,60.5
74275K108,정보기술,PCOR,PROCORE TECHNOLOGIES INC,58.9
69331C108,유틸리티,,PG&E CORP,758.4
81369Y605,ETF·펀드,,SELECT SECTOR SPDR TR,718.7
43300A203,임의소비재,HLT,HILTON WORLDWIDE HLDGS INC,625.6
31620M106,정보기술,,FIDELITY NATL INFORMATION SVCS,582.4
G9460G101,에너지,,VALARIS LTD,580.9
844895102,유틸리티,SWX,SOUTHWEST GAS HLDGS INC,571.6
46137V357,ETF·펀드,,INVESCO EXCHANGE TRADED FD T,563.8
929160109,소재,,VULCAN MATLS CO,396.5
17253J106,정보기술,,CIPHER MINING INC,394.9
718172109,필수소비재,,PHILIP MORRIS INTL INC,389.9
147528103,필수소비재,,CASEYS GEN STORES INC,365.7
02376R102,산업재,,AMERICAN AIRLS GROUP INC,350.4
G3643J108,임의소비재,,FLUTTER ENTMT PLC,349.9
26884L109,에너지,EQT,EQT CORP,345.9
337738108,정보기술,FISV,FISERV INC,300.0
19247G107,정보기술,COHR,COHERENT CORP,297.8
77311W101,금융,,ROCKET COS INC,288.8
500767306,ETF·펀드,,KRANESHARES CHINA INTERNET ETF,288.3
169656105,임의소비재,CMG,CHIPOTLE MEXICAN GRILL INC,286.8
974155103,임의소비재,WING,WINGSTOP INC,283.1
00724F101,정보기술,ADBE,ADOBE INC,265.5
833445109,정보기술,SNOW,SNOWFLAKE INC,263.3
M87915274,정보기술,TSEM,TOWER SEMICONDUCTOR LTD,257.8
09857L108,임의소비재,BKNG,BOOKING HOLDINGS INC,217.1
00827B106,금융,AFRM,AFFIRM HLDGS INC,214.7
464288513,ETF·펀드,,ISHARES TR IBOXX HI YD ETF,210.8
922475108,헬스케어,,VEEVA SYS INC,199.5
256163106,,DOCU,DOCUSIGN INC,199.3
690742101,,OC,OWENS CORNING NEW,198.0
G4124C109,,,GRAB HOLDINGS LIMITED,190.6
D18190898,금융,,DEUTSCHE BANK A G,190.2
19240Q201,헬스케어,COGT,COGENT BIOSCIENCES INC,186.4
98138H101,정보기술,WDAY,WORKDAY INC,150.9
70450Y103,정보기술,PYPL,PAYPAL HLDGS INC,149.7
49427F108,,,KILROY RLTY CORP,137.2
